Company,Role,Location,Tags
GoodLeap,Customer Care Advisor,Remote,"supervisor, support, developer, software, management, sales, reliability, digital nomad"
Monzo,Senior Backend Engineer,,"golang, senior, engineer, backend"
Executive Bootcamp,$2.000+ monthly LinkedIn DM reply Job USA TIMEZONE,,"sales, marketing, other"
InfStones,DevOps Engineer,Texas,"amazon, web3, system, security, support, software, testing, test, code, qa, devops, serverless, cloud, git, node, administrator, management, reliability, engineer, linux, full-time"
Peach Finance,Technical Writer,Remote,"system, training, technical, writer, developer, financial, video, finance, api, management, content, senior, marketing, digital nomad"
FetLife,Senior Full Stack Engineer,,"engineer, ruby, vue, redis, rust, kubernetes, work from home, remote, terraform, google cloud, senior, dev, javascript, backend, front end, full time, full stack, sql, postgres, elasticsearch, typescript"
CloudWalk,Customer Support Engineer I Intern,Remote,"technical, support, voice, fintech, ruby, engineer, engineering"
CoinGecko,Account Executive,,"saas, web3, cryptocurrency, training, technical, support, growth, financial, education, fintech, api, leader, strategy, management, senior, operations, operational, marketing, sales, executive"
,,Remote,
Accompany Health,Medical Record Specialist,United States,"education, lead, go, medical, health, healthcare, full-time, non tech"
CertiK,Blockchain Security Expert AI Track,US / Remote,"security, web3, support, software, sales, engineering, full-time"
Anchorage Digital,Growth Marketing Lead,United States,"growth, crypto, security, testing, financial, finance, bank, leader, management, lead, marketing, analytics, legal, engineering"
Mozilla Corporation,Senior Backend Engineer,,"golang, senior, engineer, backend"
Nomi Health,Data Engineer,"Austin, Texas","technical, testing, nosql, medical, engineer, engineering"
WEP Clinical ,Associate Director Clinical Monitoring,"Remote, US","director, training, support, growth, travel, management, lead, senior"
One Medical,Social Programs Manager,"Houston, TX",manager
CloudWalk,Chargeback Analyst,SÃ£o Paulo,"analyst, teach, support, code, fintech, operations, operational, engineering"
CEF.Ai,Principal Software Engineer,,"other, dev"
,,,
Welo Data,Korean Japanese Lyric Transliteration Reviewer,,"quality assurance, teaching, part time, remote, freelance, japanese, korean, reviewer, translation"
Socure,Staff Software Engineer Backend,Carson City,"software, design, graphql, system, support, fintech, elasticsearch, lead, analytics, engineer, engineering, apache, backend, digital nomad"
Inkitt,Senior DevOps Engineer,Remote Mexico City,"redis, system, security, support, devops, elasticsearch, c, cloud, postgresql, senior, analytics, reliability, engineer, backend"
Sticker Mule,Software engineer,,"engineer, dev, postgres, docker, redis, kubernetes, gcp"
Coins.ph,KYC Ops Leader,"Taguig City, Metro Manila, Philippines","crypto, cryptocurrencies, training, growth, financial, fintech, mobile, leader, strategy, management, lead, operations, operational"
Tala,Senior Android Engineer,Remote-India,"crypto, financial, fintech, management, senior, android, engineer"
Aprio,Aprio Canada National Tax Office Leader Senior Tax Director,Toronto,"director, training, technical, support, growth, leader, management, lead, senior, executive"
Sayari,Associate Data Engineer,United States,"python, training, software, growth, financial, cloud, engineer, engineering, apache"
CloudWalk,Paid Media Data Analyst,Brasilia,"analyst, technical, growth, financial, investment, fintech, strategy, marketing, analytics, engineering, executive"
Allocate,Senior Software Engineer Backend,California,"software, design, c#, docker, technical, support, developer, code, web, fintech, git, api, strategy, senior, engineer, engineering, backend, digital nomad"
MailerLite,Web Developer,,"front end, dev"
Smartbug Media,Account Strategist,"Remote, United States","strategist, support, growth, director, voice, strategy, management, lead, content, senior, operations, marketing, sales, health, recruiting, e-commerce"
COMPLY,Associate Customer Success Manager,United States,"manager, salesforce, consulting, technical, support, software, growth, financial, investment, leader, management, health"
Panopto,Account Executive Enterprise,Remote - US,"saas, technical, recruiter, support, manager, video, leader, management, senior, sales, health, recruitment, executive"
Harkla,Sales Development Representative,,sales
AscendEX,Senior Front End Engineer,,"design, cryptocurrency, front-end, back-end, software, growth, code, web, financial, management, senior, junior, engineer, engineering, digital nomad"
Coin Market Cap Ltd,Business Data Analyst,,"analyst, crypto, support, growth, web, financial, mobile, operational, analytics"
Backpack ,Infrastructure,,"security, developer, cloud, engineering, digital nomad"
Speechify,Software Engineer Data Infrastructure & Acquisition,,dev
Greenlight Financial Technology,Software Engineer II Full Stack,Atlanta (Remote Friendly),"software, design, technical, recruiter, support, web, finance, financial, fintech, banking, mobile, senior, reliability, health, engineer, engineering, backend, digital nomad"
Right Side Up,Associate Creative Director,"Austin, TX","director, design, financial, lead, junior, marketing, digital nomad"
AFAR,Revenue Operations Manager,"New York, NY","manager, design, support, growth, travel, finance, strategy, management, lead, operations, marketing, sales, digital nomad"
Discern,Fullstack Golang Engineer,,"golang, software, golang, engineer, fullstack"
Tempesta Technologies,C C++ Linux developer,,"linux, c plus plus, c, databases, algorithms, data structures"
Melapress,Content led Marketer,,"marketing, content writing, copywriting"
Melapress,WordPress Plugins & Themes developer,,"dev, devops, wordpress, php, javascript, full time, ecommerce, api, english"
The Block,Marketing Lead,Remote within United States,"web3, crypto, cryptocurrency, salesforce, support, growth, controller, voice, financial, strategy, lead, content, operations, marketing, legal, sales"
Clipbook,Intelligence &amp; Research Analyst,,"analyst, support, strategy, lead"
Injective Labs,Government Relations Officer,,"defi, crypto, technical, growth, financial, finance, leader, strategy, lead, operations, legal, educational, executive"
Greenlight Financial Technology,Software Engineer II Full Stack,Atlanta (Remote Friendly),"software, design, technical, recruiter, support, web, finance, financial, fintech, banking, mobile, senior, reliability, health, engineer, engineering, backend, digital nomad"
Crewvision,UI UX Product Designer,,design
Interaction Design Foundation,Admin and Support Specialist With Love for Writing,,"content writing, customer support, writing"
dLocal,Crypto Compliance Project Manager,,"crypto, manager, cryptocurrency, support, financial, fintech, content, go, health, non tech"
OANDA Europe Ltd.,Head of CRM,London,"cryptocurrencies, support, software, growth, financial, strategy, management, lead, marketing, analytics, recruitment"
Private.Ki,Content Producer Technical Content Engineer Junior Dev,,"other, dev, writer, writing, marketing"
Sword Health,Executive Assistant &amp; Office Manager,Lisboa,"manager, assistant, support, growth, travel, financial, management, sales, medical, health, executive"
Quantum Metric,Account Executive Retail,United States,"saas, training, support, devops, financial, education, leader, android, sales, recruitment, executive, ecommerce"
AllTrails,Senior Product Designer,Remote,"design, ios, training, designer, testing, growth, web, lead, senior, marketing, engineering, digital nomad"
CrowdGen by Appen,Data Collection Participant Photo Submission Task,Any,"training, manager"
Aprio,Aprio PH FP&amp;A Analyst,"Clark, Pampanga","analyst, testing, growth, financial, finance, microsoft, management, senior, executive, full-time"
Heard,Sales Development Representative,Remote,"saas, consult, growth, voice, lead, excel, sales, health"
Gravie,Underwriter,Remote,"design, training, technical, support, growth, financial, education, strategy, management, sales, health, healthcare, digital nomad"
Sensor Tower,Full Stack Engineer,Istanbul,"jira, c#, developer, code, bank, analytics, health, engineer, recruitment, linux, full-time, digital nomad"
Koombea,Senior AI Python Developer,,"python, developer, software, api, senior, engineering, backend, digital nomad"
Slate,User Support Specialist,Remote,"technical, support, lead, content, engineering"
Proof,Senior Software Engineer,"Remote, Boston, MA Preferred","software, design, front-end, back-end, security, technical, support, growth, code, web, manager, cloud, ruby, rails, management, lead, senior, legal, go, engineer, engineering, digital nomad"
Egen,ML Scientist Foundation Model,"Remote, Central US","design, training, technical, support, cloud, legal, health, engineering, digital nomad"
Coins.ph,Exchange Operations Analyst,"Singapore, Singapore","analyst, crypto, cryptocurrencies, system, test, growth, financial, bank, admin, mobile, management, operations"
Voxy Inc,Customer Success Analyst,SÃ£o Paulo,"analyst, hr, students, training, consulting, technical, education, leader, management, health"
City IT,QA Analyst,Any US State,"analyst, system, support, software, testing, test, scrum, qa, management, go"
Seaport Global Holdings LLC,Investment Research Associate,Flexible,"accounting, investment, finance, senior, excel, non tech"
HONK,Technical Account Manager,Remote,"manager, design, saas, training, consulting, technical, support, operations, sales, engineering, digital nomad"
The Block,Sales Director,Remote within United States,"director, crypto, cryptocurrency, ceo, support, growth, voice, financial, video, lead, senior, operations, sales, executive"
MachineFi Lab,Developer Relations Engineer,US Remote,"developer, design, web3, crypto, cryptocurrency, technical, growth, code, travel, api, leader, marketing, engineer, engineering, digital nomad"
Exora,Assistant Trader,,"finance, sales, crypto, junior"
Prompt,Senior DevOps Engineer,,"design, system, security, docker, developer, software, devops, investment, cloud, management, senior, reliability, healthcare, engineer, digital nomad"
Loft Orbital Solutions,Senior Security Engineer,,"security, design, software, growth, code, financial, senior, operations, health, healthcare, engineer, engineering, digital nomad"
FetLife,Senior DevOps Engineer,,"engineer, sys admin, ops, ruby, devops, postgres, elasticsearch, docker, redis, rust, kubernetes, google cloud, site reliability engineer"
RYZ Labs,Manufacturing Experts AI Trainer,Remote-,"trainer, cloud"
Management Leadership For Tomorrow,Primary Coach Career Prep,Remote,"salesforce, students, consulting, founder, support, growth, travel, financial, leader, exec, management, content, legal, health, recruitment, internship, full-time, part-time"
Jtine Co,Membership Support & Content Coordinator,,"backend, customer support, wordpress, WooCommerce, Email Systems, membership sites, active campaign"
Tenderly,Blockchain Security Researcher,Europe OR In-Office Belgrade,"security, web3, ethereum, full-stack, support, testing, growth, serverless, cloud, node, golang"
HOLDON NOW,$30 Hourly Virtual Assistant USA RESIDENTS ONLY,,"admin, customer support, data entry, Customer Service"
lobstr.io,Backend Developer @ lobstr.io Python Scraping Celery,,"dev, python, backend, redis, remote, api, tech lead, docker, cybersecurity, architecture"
Caiz,Chief Executive Officer Crypto Blockchain,,"crypto, cryptocurrency, system, security, ceo, support, voice, financial, investor, finance, fintech, leader, strategy, lead, senior, legal, executive"
Yassir,Senior Mobile iOS Engineer,,"ios, design, redis, frontend, back-end, technical, code, web, financial, fintech, cloud, mobile, senior, go, engineer, engineering, digital nomad"
Anchorage Digital,Member of Technical Staff Transparency,United States,"design, crypto, front-end, back-end, security, technical, support, software, test, growth, code, financial, finance, bank, legal, engineering, digital nomad"
Spearbit,Security Researcher,,"security, defi, ethereum, technical, senior"
Gymflow,Customer Onboarding & Support Specialist,,"saas, customer support, onboarding"
CloudWalk,AI Driven Engineer Ruby,SÃ£o Paulo,"technical, software, test, growth, code, financial, fintech, banking, bank, ruby, rails, management, marketing, engineer, engineering, backend"
Immutable,Senior Security Engineer,Australia,"security, saas, web3, crypto, ethereum, game, gaming, technical, support, growth, leader, strategy, lead, senior, operations, health, engineer, recruitment"
Loancrate,Software Engineer,,"senior, full stack, javascript, typescript, react, node, postgres, aws, tailwind, remote, startup"
TELUS Digital,US Rater,,"social media, media, advertisement, feedback, seo, online"
,,,
Wintermute,Senior Developer,London / Remote,"developer, design, web3, defi, crypto, ux, code, financial, finance, leader, senior, digital nomad"
Espresso,Partnerships Lead,Remote,"crypto, technical, developer, lead, engineering, digital nomad"
Sumo Group,Principal Game Designer,Sumo Sheffield,"game, design, gaming, designer, support, voice, strategy, recruitment, digital nomad"
Best Egg,Lead Software Engineer II Backend,Remote / Flexible,"software, design, front-end, python, technical, support, test, growth, code, web, financial, api, mobile, lead, analytics, health, engineer, backend, digital nomad"
CoinGecko,Senior Product Manager Data,Malaysia,"manager, design, crypto, cryptocurrency, training, technical, support, test, financial, education, leader, strategy, lead, senior, junior, executive, digital nomad"
